city,city_en,province,province_en,Longtitude,Latitude,PM2.5,PM10,SO2,NO2,CO,O3,AQI
北京,Bei_jing,北京市,Beijing,116.413384,39.910925,42.197,68.173,4.512,36.977,98.439,113.289,70.606
天津,Tian_jin,天津市,Tianjin,117.209523,39.093668,51.552,80.994,11.006,42.368,106.348,124.21,82.632
石家庄,Shi_jia_zhuang,河北省,Hebei,114.521532,38.048312,63.714,121.289,16.51,46.317,105.977,122.941,100.294
唐山,Tang_shan,河北省,Hebei,118.186459,39.636584,54.374,100.776,23.21,49.249,98.244,117.357,85.603
秦皇岛,Qin_huang_dao,河北省,Hebei,119.608531,39.941748,40.841,74.51,19.034,41.652,97.408,111.252,67.863
邯郸,Han_dan,河北省,Hebei,114.545628,36.631263,66.218,126.66,15.734,38.079,112.569,128.575,102.66
保定,Bao_ding,河北省,Hebei,115.471464,38.879988,59.006,102.867,14.586,40.445,107.456,122.643,90.849
张家口,Zhang_jia_kou,河北省,Hebei,114.892572,40.773237,26.096,61.17,10.992,21.915,102.006,113.258,54.808
承德,Cheng_de,河北省,Hebei,117.969398,40.957856,29.636,63.892,13.67,32.25,92.472,106.838,56.692
廊坊,Lang_fang,河北省,Hebei,116.690582,39.543367,46.496,86.819,8.569,38.688,104.827,119.972,76.547
沧州,Cang_zhou,河北省,Hebei,116.845581,38.310215,50.28,90.122,17.666,37.72,104.924,119.326,80.236
衡水,Heng_shui,河北省,Hebei,115.675406,37.745191,57.054,98.306,12.725,33.501,107.55,121.317,88.064
邢台,Xing_tai,河北省,Hebei,114.511462,37.076686,64.969,119.278,19.787,45.216,108.122,124.793,100.93
太原,Tai_yuan,山西省,Shanxi,112.556391,37.876989,57.085,110.55,22.433,50.0,101.229,119.504,91.203
呼和浩特,Hu_he_hao_te,内蒙古自治区,Inner_Mongoria,111.755509,40.848423,37.258,74.544,14.36,37.884,92.071,105.921,66.143
沈阳,Shen_yang,辽宁省,Liaoning,123.466452,41.68879,43.235,79.195,21.439,36.592,88.87,102.7,70.357
大连,Da_lian,辽宁省,Liaoning,121.621631,38.918954,35.144,60.388,10.952,26.297,98.858,110.929,58.386
长春,Chang_chun,吉林省,Jilin,125.330602,43.821954,38.504,66.909,11.142,33.909,81.813,93.195,63.953
哈尔滨,Ha_er_bin,黑龙江省,Heilongjiang,126.541615,45.808826,42.246,71.144,16.779,32.878,74.354,84.904,67.778
上海,Shang_hai,上海市,Shanghai,121.480539,31.235929,35.082,48.244,6.915,41.708,98.598,113.436,55.378
南京,Nan_jing,江苏省,Jiangsu,118.802422,32.064653,40.479,72.465,10.008,42.085,105.598,123.382,66.603
苏州,Su_zhou,江苏省,Jiangsu,120.592412,31.303564,39.601,59.782,5.734,42.875,98.873,115.768,62.769
南通,Nan_tong,江苏省,Jiangsu,120.901592,31.986549,37.261,57.601,10.623,31.907,100.159,115.807,59.84
连云港,Lian_yun_gang,江苏省,Jiangsu,119.228621,34.60225,42.368,70.068,12.926,29.958,106.102,120.19,67.664
徐州,Xu_zhou,江苏省,Jiangsu,117.290575,34.212667,57.465,100.36,10.745,37.456,105.671,121.555,87.425
扬州,Yang_zhou,江苏省,Jiangsu,119.419419,32.400677,43.878,72.326,10.153,34.618,108.734,125.238,69.939
无锡,Wu_xi,江苏省,Jiangsu,120.318583,31.49881,39.771,72.229,8.408,40.252,104.108,121.618,65.289
常州,Chang_zhou,江苏省,Jiangsu,119.981485,31.815796,47.499,73.717,10.654,41.246,107.178,124.337,70.776
镇江,Zhen_jiang,江苏省,Jiangsu,119.430489,32.194716,45.47,74.595,9.15,33.858,106.357,123.442,71.876
泰州,Tai_zhou,江苏省,Jiangsu,119.929566,32.460675,45.042,71.023,7.612,28.34,108.357,123.065,68.018
淮安,Huai_an,江苏省,Jiangsu,119.021484,33.616295,44.674,78.938,7.439,28.884,102.252,114.986,72.46
盐城,Yan_cheng,江苏省,Jiangsu,120.167544,33.355101,40.193,68.771,4.907,24.36,105.258,117.629,64.962
宿迁,Su_qian,江苏省,Jiangsu,118.281574,33.96775,47.51,82.139,8.161,28.626,110.756,125.666,75.219
杭州,Hang_zhou,浙江省,Zhejiang,120.215512,30.253083,38.32,67.02,6.878,41.686,98.822,118.048,61.331
宁波,Ning_bo,浙江省,Zhejiang,121.628572,29.866033,28.878,48.006,8.076,35.694,97.445,114.195,47.903
温州,Wen_zhou,浙江省,Zhejiang,120.706477,28.001085,28.51,53.878,7.711,34.159,84.082,102.524,48.491
绍兴,Shao_xing,浙江省,Zhejiang,120.585478,30.036369,38.663,62.252,6.887,31.924,93.771,110.082,58.759
湖州,Hu_zhou,浙江省,Zhejiang,120.094517,30.898964,32.618,59.054,7.799,37.431,106.969,125.337,57.413
嘉兴,Jia_xing,浙江省,Zhejiang,120.763552,30.750975,35.635,56.686,6.807,33.099,100.89,116.938,56.549
台州,Tai_zhou,浙江省,Zhejiang,121.427435,28.662194,26.935,49.292,4.569,21.881,94.533,108.105,46.036
舟山,Zhou_shan,浙江省,Zhejiang,122.213556,29.990912,20.122,36.623,5.156,19.428,92.756,103.323,37.798
金华,Jin_hua,浙江省,Zhejiang,119.653436,29.084639,32.601,55.722,7.363,34.439,96.606,114.397,53.348
衢州,Qu_zhou,浙江省,Zhejiang,118.866597,28.975546,32.884,51.921,7.17,30.793,87.949,101.558,50.867
丽水,Li_shui,浙江省,Zhejiang,119.929573,28.473278,24.822,43.864,6.031,22.255,84.02,98.606,43.087
合肥,He_fei,安徽省,Anhui,117.233443,31.826578,44.198,72.49,6.204,42.014,100.323,116.292,71.489
福州,Fu_zhou,福建省,Fujian,119.30347,26.080429,24.147,43.207,4.592,22.221,93.465,107.986,43.037
厦门,Xia_men,福建省,Fujian,118.096435,24.485407,24.232,40.068,5.618,23.193,92.909,108.195,41.59
南昌,Nan_chang,江西省,Jiangxi,115.864589,28.689455,35.482,71.626,8.907,34.516,92.306,107.249,61.069
济南,Ji_nan,山东省,Shandong,117.126399,36.656554,55.686,109.731,15.34,43.238,115.943,132.578,90.617
青岛,Qing_dao,山东省,Shandong,120.389455,36.072227,39.482,79.017,8.193,35.799,97.856,111.425,68.491
郑州,Zheng_zhou,河南省,Henan,113.631419,34.753439,59.263,105.578,9.45,44.929,109.552,126.499,95.709
武汉,Wu_han,湖北省,Hubei,114.311582,30.598467,45.7,72.864,8.861,44.448,99.303,116.884,70.28
长沙,Chang_sha,湖南省,Hunan,112.945473,28.234889,47.595,59.386,7.161,33.365,95.105,110.241,69.753
广州,Guang_zhou,广东省,Guangdong,113.271431,23.135336,29.912,53.252,6.952,45.147,100.875,127.388,50.158
深圳,Shen_zhen,广东省,Guangdong,114.064552,22.548457,24.221,41.867,5.17,25.436,95.235,112.394,40.643
珠海,Zhu_hai,广东省,Guangdong,113.582555,22.276565,24.754,41.55,5.221,27.663,95.079,112.025,40.654
佛山,Fo_shan,广东省,Guangdong,113.128512,23.027759,30.04,56.615,9.133,41.28,99.53,125.363,51.645
中山,Zhong_shan,广东省,Guangdong,113.399422,22.522315,27.694,44.3,5.975,31.873,100.337,123.456,45.912
江门,Jiang_men,广东省,Guangdong,113.088556,22.584604,26.873,49.847,7.133,32.501,104.156,127.96,48.078
东莞,Dong_guan,广东省,Guangdong,113.75842,23.027308,32.178,49.306,9.725,36.799,110.688,135.53,51.323
惠州,Hui_zhou,广东省,Guangdong,114.423558,23.116359,25.11,47.363,7.686,24.637,96.32,112.448,44.768
肇庆,Zhao_qing,广东省,Guangdong,112.471489,23.052889,32.054,50.286,9.55,33.734,92.493,110.983,50.403
南宁,Nan_ning,广西壮族自治区,Guangxi,108.373451,22.822607,30.428,53.258,9.006,29.51,73.912,87.484,49.253
海口,Hai_kou,海南省,Hainan,110.325525,20.044049,17.15,32.329,5.195,12.785,86.059,98.762,33.258
重庆,Chong_qing,重庆市,Chongqing,106.558434,29.568996,38.329,60.054,7.459,40.49,74.388,92.346,58.48
成都,Cheng_du,四川省,Sichuan,104.081534,30.655822,42.819,68.399,6.493,42.125,82.822,101.751,64.386
贵阳,Gui_yang,贵州省,Guizhou,106.714476,26.60403,26.603,46.841,9.677,21.204,74.788,86.238,44.458
昆明,Kun_ming,云南省,Yunnan,102.852448,24.873998,26.445,45.751,11.813,31.212,89.096,100.652,44.538
拉萨,La_sa,西藏自治区,Tibet,91.120824,29.65004,11.861,31.36,6.357,18.779,96.926,105.751,34.886
西安,Xi_an,陕西省,Shaanxi,108.946466,34.347269,59.181,103.496,8.615,48.008,88.561,106.071,91.337
兰州,Lan_zhou,甘肃省,Gansu,103.840521,36.067235,37.386,88.332,17.83,50.105,96.509,118.884,70.019
西宁,Xi_ning,青海省,Qinghai,101.78445,36.623385,36.232,66.473,17.297,37.309,91.476,104.824,59.402
银川,Yin_chuan,宁夏回族自治区,Ningxia,106.238494,38.49246,32.935,75.238,15.127,37.057,96.955,110.433,62.859
乌鲁木齐,Wu_lu_mu_qi,新疆维吾尔自治区,Xinjiang,87.62444,43.830763,50.623,89.224,8.564,42.229,80.334,92.221,85.147
湘潭,Xiang_tan,湖南省,Hunan,112.950464,27.835702,48.674,66.592,10.272,32.915,90.062,105.323,70.699
株洲,Zhu_zhou,湖南省,Hunan,113.140471,27.833568,48.164,68.164,10.717,33.841,88.581,103.484,69.143
包头,Bao_tou,内蒙古自治区,Inner_Mongoria,109.846544,40.662929,39.584,82.572,22.059,38.864,90.102,103.717,70.589
鄂尔多斯,E_er_duo_si,内蒙古自治区,Inner_Mongoria,109.787443,39.614482,23.685,64.923,13.179,26.332,105.838,116.182,56.498
营口,Ying_kou,辽宁省,Liaoning,122.241575,40.673137,42.728,69.218,10.445,28.479,101.85,114.3,67.066
丹东,Dan_dong,辽宁省,Liaoning,124.361547,40.006409,32.824,55.612,17.011,21.32,84.975,95.907,53.776
盘锦,Pan_jin,辽宁省,Liaoning,122.07749,41.125875,39.088,56.295,14.238,26.354,96.399,107.864,64.032
葫芦岛,Hu_lu_dao,辽宁省,Liaoning,120.843398,40.717364,47.235,78.241,27.425,33.051,93.524,105.042,75.35
泉州,Quan_zhou,福建省,Fujian,118.682446,24.879952,25.731,46.025,8.654,24.003,98.037,116.399,46.143
临沂,Lin_yi,山东省,Shandong,118.363533,35.110671,58.537,113.452,16.071,39.088,110.185,125.705,93.496
德州,De_zhou,山东省,Shandong,116.365557,37.441308,53.949,104.439,13.289,32.788,115.181,129.045,89.742
聊城,Liao_cheng,山东省,Shandong,115.991588,36.462758,59.136,112.241,14.552,37.742,118.068,133.47,94.739
滨州,Bin_zhou,山东省,Shandong,117.977404,37.388196,54.153,89.368,19.657,40.895,115.283,132.215,85.348
淄博,Zi_bo,山东省,Shandong,118.061453,36.819086,58.32,106.963,21.938,41.669,119.025,136.887,92.099
枣庄,Zao_zhuang,山东省,Shandong,117.330542,34.815994,60.477,116.997,17.571,34.222,114.977,130.358,94.562
烟台,Yan_tai,山东省,Shandong,121.454415,37.470038,37.847,77.474,9.27,28.426,104.355,116.915,67.839
潍坊,Wei_fang,山东省,Shandong,119.168378,36.712652,56.222,106.281,12.608,37.969,106.943,122.574,89.384
济宁,Ji_ning,山东省,Shandong,116.593612,35.420177,55.611,94.599,16.597,36.304,116.165,131.585,86.971
泰安,Tai_an,山东省,Shandong,117.094495,36.205858,57.535,107.042,15.975,34.969,112.351,127.674,91.772
日照,Ri_zhao,山东省,Shandong,119.533415,35.422839,46.608,88.432,8.273,35.031,102.943,118.577,75.813
威海,Wei_hai,山东省,Shandong,122.127541,37.516431,31.074,57.405,5.586,18.875,110.807,121.113,56.032
东营,Dong_ying,山东省,Shandong,118.681385,37.439642,48.793,93.116,15.603,36.011,116.946,133.745,81.76
韶关,Shao_guan,广东省,Guangdong,113.603527,24.815881,28.762,43.626,10.357,24.227,86.788,102.425,44.861
汕头,Shan_tou,广东省,Guangdong,116.688529,23.359092,23.425,39.635,9.173,18.079,101.501,114.51,40.935
湛江,Zhan_jiang,广东省,Guangdong,110.365554,21.276723,25.969,39.589,9.108,13.745,98.51,110.844,41.917
茂名,Mao_ming,广东省,Guangdong,110.931543,21.669064,25.272,45.261,10.116,13.578,91.538,104.272,43.195
梅州,Mei_zhou,广东省,Guangdong,116.129537,24.294178,25.992,42.734,8.484,25.615,83.465,98.592,43.02
汕尾,Shan_wei,广东省,Guangdong,115.381553,22.791263,21.416,37.555,8.054,11.297,99.374,110.887,39.157
河源,He_yuan,广东省,Guangdong,114.707446,23.749684,24.805,42.47,8.377,22.397,86.125,100.785,42.119
阳江,Yang_jiang,广东省,Guangdong,111.988489,21.86434,28.79,43.402,7.561,18.079,88.079,99.742,45.561
清远,Qing_yuan,广东省,Guangdong,113.062468,23.68823,32.168,52.678,9.47,33.777,90.108,107.966,51.037
潮州,Chao_zhou,广东省,Guangdong,116.62947,23.662623,28.419,46.977,12.21,16.677,102.414,120.856,47.688
揭阳,Jie_yang,广东省,Guangdong,116.378512,23.55574,30.969,52.711,10.705,22.323,101.057,119.031,50.936
云浮,Yun_fu,广东省,Guangdong,112.051513,22.920912,29.742,50.538,14.875,29.422,77.626,92.15,48.031
玉溪,Yu_xi,云南省,Yunnan,102.55356,24.357711,23.405,43.346,8.796,20.983,93.241,103.105,42.47
菏泽,He_ze,山东省,Shandong,115.487545,35.239407,59.75,116.753,13.196,31.398,110.0,123.844,95.937
大同,Da_tong,黑龙江省,Heilongjiang,124.819377,46.045584,32.603,79.569,30.195,32.963,90.994,102.969,64.778
长治,Zhang_zhi,山西省,Shanxi,113.122559,36.201268,47.527,84.833,16.524,33.887,115.309,130.739,77.305
临汾,Lin_fen,山西省,Shanxi,111.52553,36.093742,59.873,104.924,28.686,39.229,114.569,134.042,95.013
阳泉,Yang_quan,山西省,Shanxi,113.587617,37.862361,51.861,88.85,23.195,41.813,106.258,121.235,81.159
赤峰,Chi_feng,内蒙古自治区,Inner_Mongoria,118.89552,42.261686,23.924,61.025,18.89,26.272,82.348,92.244,52.834
鞍山,An_shan,辽宁省,Liaoning,123.001373,41.115054,43.402,81.909,18.722,31.218,94.419,107.955,71.483
抚顺,Fu_shun,辽宁省,Liaoning,123.964375,41.88597,44.892,79.751,20.419,29.87,94.725,108.334,72.194
本溪,Ben_xi,辽宁省,Liaoning,123.692507,41.492916,37.006,66.963,17.374,30.377,83.816,97.278,60.974
锦州,Jin_zhou,辽宁省,Liaoning,121.132596,41.100931,47.416,78.229,29.425,33.252,91.303,103.802,74.858
吉林,Ji_lin_shi,吉林省,Jilin,126.555635,43.843568,38.229,64.085,12.099,24.66,91.484,102.025,60.768
齐齐哈尔,Qi_qi_ha_er,黑龙江省,Heilongjiang,123.924571,47.359977,29.088,52.731,18.499,18.538,69.133,76.884,49.994
牡丹江,Mu_dan_jiang,黑龙江省,Heilongjiang,129.63954,44.556246,32.898,61.017,6.83,24.037,71.958,82.901,55.408
大庆,Da_qing,黑龙江省,Heilongjiang,125.108658,46.593633,29.02,52.388,8.788,20.581,78.045,86.955,50.151
芜湖,Wu_hu,安徽省,Anhui,118.439431,31.358537,44.679,63.883,9.017,41.571,101.469,117.98,68.769
马鞍山,Ma_an_shan,安徽省,Anhui,118.51358,31.676266,43.725,70.972,11.765,36.527,105.484,122.147,70.222
九江,Jiu_jiang,江西省,Jiangxi,116.007535,29.711341,46.414,66.456,11.068,29.994,91.87,106.059,69.902
洛阳,Luo_yang,河南省,Henan,112.459421,34.624263,62.754,113.054,10.289,40.119,105.278,122.728,97.97
安阳,An_yang,河南省,Henan,114.3995,36.105941,70.204,118.224,14.955,39.042,112.782,128.428,107.024
开封,Kai_feng,河南省,Henan,114.314593,34.802886,61.346,104.014,10.51,32.252,112.329,126.3,95.937
焦作,Jiao_zuo,河南省,Henan,113.248548,35.220963,63.929,115.215,13.382,37.722,111.867,128.768,98.439
平顶山,Ping_ding_shan,河南省,Henan,113.199529,33.772051,59.83,97.564,15.122,34.569,110.924,125.907,90.114
三门峡,San_men_xia,河南省,Henan,111.206533,34.778327,56.547,97.586,9.184,33.521,97.428,112.099,89.961
宜昌,Yi_chang,湖北省,Hubei,111.292549,30.697446,52.975,76.303,7.207,29.283,90.414,108.017,78.517
荆州,Jing_zhou,湖北省,Hubei,112.245523,30.340842,45.969,84.575,9.513,32.399,95.028,109.331,71.785
岳阳,Yue_yang,湖南省,Hunan,113.135489,29.363178,43.657,68.425,8.742,27.045,98.0,111.394,65.02
常德,Chang_de,湖南省,Hunan,111.705452,29.03775,47.992,61.072,8.065,22.773,99.224,111.173,69.577
张家界,Zhang_jia_jie,湖南省,Hunan,110.485533,29.122816,30.748,51.224,3.705,20.346,77.666,90.847,50.285
桂林,Gui_lin,广西壮族自治区,Guangxi,110.203545,25.242886,33.977,50.144,11.567,22.742,84.901,96.603,50.354
北海,Bei_hai,广西壮族自治区,Guangxi,109.126533,21.486836,26.289,45.969,7.762,14.003,89.697,99.901,45.277
柳州,Liu_zhou,广西壮族自治区,Guangxi,109.434422,24.331961,34.703,52.841,12.892,23.198,77.785,90.059,51.257
三亚,San_ya,海南省,Hainan,109.518557,18.258736,13.858,27.079,4.014,8.941,75.334,81.839,28.127
绵阳,Mian_yang,四川省,Sichuan,104.685562,31.473663,37.799,58.958,5.453,29.649,81.136,96.346,57.011
宜宾,Yi_bin,四川省,Sichuan,104.649404,28.758007,46.983,63.048,9.66,30.363,83.252,98.813,67.108
攀枝花,Pan_zhi_hua,四川省,Sichuan,101.725541,26.588033,29.615,53.572,30.802,36.19,92.108,110.193,50.355
泸州,Lu_zhou,四川省,Sichuan,105.448524,28.877668,41.487,54.824,11.076,30.269,77.28,92.909,59.821
自贡,Zi_gong,四川省,Sichuan,104.784449,29.345585,45.068,67.272,7.711,26.187,84.218,99.368,66.617
德阳,De_yang,四川省,Sichuan,104.404419,31.133115,40.306,66.85,5.235,31.229,83.637,98.921,63.175
南充,Nan_chong,四川省,Sichuan,106.117503,30.843783,42.28,63.878,5.476,26.629,75.524,88.448,61.77
遵义,Zun_yi,贵州省,Guizhou,106.933428,27.731701,20.238,36.677,11.864,25.085,72.36,83.694,36.847
曲靖,Qu_jing,云南省,Yunnan,103.802435,25.496407,21.122,42.079,11.272,17.21,93.04,105.966,41.493
咸阳,Xian_yang,陕西省,Shaanxi,108.715422,34.335476,67.445,109.955,9.04,43.493,91.612,108.637,100.183
铜川,Tong_chuan,陕西省,Shaanxi,108.952404,34.902637,48.632,84.943,12.601,35.688,99.354,113.7,77.963
延安,Yan_an,陕西省,Shaanxi,109.496582,36.591111,32.943,73.799,9.671,41.496,90.68,107.079,64.042
宝鸡,Bao_ji,陕西省,Shaanxi,107.244575,34.368916,52.943,88.881,7.986,34.657,83.646,99.788,81.181
渭南,Wei_nan,陕西省,Shaanxi,109.51659,34.505716,58.031,110.295,10.057,42.501,95.028,111.235,93.334
金昌,Jin_chang,甘肃省,Gansu,102.194606,38.52582,23.399,71.306,16.762,15.38,104.507,111.873,57.232
嘉峪关,Jia_yu_guan,甘肃省,Gansu,98.296204,39.77796,27.008,81.374,11.127,22.45,103.657,111.694,63.758
石嘴山,Shi_zui_shan,宁夏回族自治区,Ningxia,106.3906,38.989683,37.023,90.895,30.748,29.272,102.207,115.68,72.546
克拉玛依,Ke_la_ma_yi,新疆维吾尔自治区,Xinjiang,84.895901,45.585675,25.671,58.64,5.654,25.164,90.603,99.847,54.962
库尔勒,Ku_er_lei,新疆维吾尔自治区,Xinjiang,86.181494,41.732373,47.017,166.156,5.224,22.949,91.057,100.19,111.498
寿光,Shou_guang,山东省,Shandong,118.797415,36.861922,57.922,108.187,17.853,37.06,100.264,115.339,90.621
章丘,Zhang_qiu,山东省,Shandong,117.532565,36.685533,50.424,108.93,18.588,35.927,106.827,122.284,86.695
即墨,Ji_mo,山东省,Shandong,120.453536,36.394749,44.381,82.669,11.055,31.901,100.73,114.198,71.494
胶南,Jiao_nan,山东省,Shandong,120.005,35.878,42.003,75.853,7.876,27.759,99.924,115.034,69.477
胶州,Jiao_zhou,山东省,Shandong,120.039535,36.270349,48.468,92.551,11.326,39.313,103.826,120.0,79.92
莱西,Lai_xi,山东省,Shandong,120.524556,36.893956,48.087,83.458,12.136,25.27,104.214,117.8,76.243
平度,Ping_du,山东省,Shandong,119.994414,36.782692,46.647,91.015,11.618,29.292,103.218,119.262,76.908
蓬莱,Peng_lai,山东省,Shandong,120.765562,37.816439,44.664,76.369,13.205,27.992,111.639,126.516,68.877
招远,Zhao_yuan,山东省,Shandong,120.440602,37.361137,53.053,85.726,14.788,34.336,108.593,127.336,75.235
莱州,Lai_zhou,山东省,Shandong,119.948593,37.182637,38.616,73.537,14.914,29.521,120.787,135.283,70.264
荣成,Rong_cheng,山东省,Shandong,122.492505,37.171318,26.284,50.73,7.207,18.678,104.914,114.207,48.623
文登,Wen_deng,山东省,Shandong,122.064428,37.200113,23.924,58.636,6.531,21.895,104.615,114.936,51.915
乳山,Ru_shan,山东省,Shandong,121.546429,36.925177,25.735,58.291,7.444,22.098,101.075,111.061,52.264
吴江,Wu_jiang,江苏省,Jiangsu,120.651567,31.144644,36.562,72.299,9.8,39.446,105.699,123.516,65.569
昆山,Kun_shan,江苏省,Jiangsu,120.987452,31.390863,35.1,62.989,10.298,35.699,102.255,124.04,59.804
常熟,Chang_shu,江苏省,Jiangsu,120.759496,31.659538,36.828,64.551,13.2,37.286,103.312,121.155,60.743
张家港,Zhang_jia_gang,江苏省,Jiangsu,120.561554,31.881141,40.147,70.779,8.985,36.183,100.301,120.711,66.206
太仓,Tai_cang,江苏省,Jiangsu,121.135595,31.464599,31.22,55.289,11.546,36.48,106.303,133.306,55.242
句容,Ju_rong,江苏省,Jiangsu,119.175433,31.950923,44.361,77.461,7.378,34.183,110.433,134.599,70.663
江阴,Jiang_yin,江苏省,Jiangsu,120.370396,31.55485,43.633,70.103,11.676,41.748,106.779,125.751,67.301
宜兴,Yi_xing,江苏省,Jiangsu,119.831606,31.342957,38.544,59.468,12.193,31.956,95.892,111.243,59.408
金坛,Jin_tan,江苏省,Jiangsu,119.604571,31.728893,43.664,70.706,11.009,33.494,104.112,121.626,67.436
溧阳,Li_yang,江苏省,Jiangsu,119.491506,31.422102,42.032,70.406,8.244,33.741,102.624,118.917,64.85
海门,Hai_men,江苏省,Jiangsu,121.188436,31.873612,33.0,55.444,15.006,21.601,111.964,128.353,55.039
临安,Lin_an,浙江省,Zhejiang,119.731517,30.239806,36.284,63.679,3.689,25.692,67.352,79.953,56.757
富阳,Fu_yang,浙江省,Zhejiang,119.966556,30.054723,40.987,79.406,4.716,31.477,61.877,71.877,63.797
义乌,Yi_wu,浙江省,Zhejiang,120.081581,29.31115,36.057,64.969,8.824,38.267,82.771,103.348,51.62
诸暨,Zhu_ji,浙江省,Zhejiang,120.253408,29.714935,37.524,57.695,4.136,29.846,92.909,111.301,57.235
瓦房店,Wa_fang_dian,辽宁省,Liaoning,121.985638,39.632741,53.554,80.736,26.521,29.893,80.306,90.702,75.717
信阳,Xin_yang,河南省,Henan,114.097483,32.153015,48.173,77.884,6.649,24.178,110.898,123.286,73.764
周口,Zhou_kou,河南省,Henan,114.703483,33.631829,57.303,99.178,10.045,27.703,111.555,124.487,90.305
漳州,Zhang_zhou,福建省,Fujian,117.653576,24.51893,28.986,55.173,8.429,27.773,98.486,116.608,50.808
晋城,Jin_cheng,山西省,Shanxi,112.858578,35.496285,54.858,113.581,16.482,38.442,122.722,137.68,93.492
朔州,Shuo_zhou,山西省,Shanxi,112.439371,39.337108,39.416,106.309,31.901,34.065,101.844,113.507,80.456
晋中,Jin_zhong,山西省,Shanxi,112.759595,37.692839,46.116,88.881,26.06,41.514,106.943,122.932,78.238
运城,Yun_cheng,山西省,Shanxi,111.013389,35.032707,61.34,103.887,14.785,27.725,113.805,127.204,93.122
忻州,Xin_zhou,山西省,Shanxi,112.740624,38.422383,42.533,78.074,28.442,42.666,99.399,115.173,72.925
吕梁,Lv_liang,山西省,Shanxi,111.15045,37.524498,39.669,89.555,29.357,45.218,95.167,111.895,74.357
乌海,Wu_hai,内蒙古自治区,Inner_Mongoria,106.800391,39.662006,31.847,93.281,31.861,29.395,105.739,119.145,71.722
通辽,Tong_liao,内蒙古自治区,Inner_Mongoria,122.250522,43.65798,33.04,70.819,11.649,20.725,85.331,94.691,61.579
呼伦贝尔,Hu_lun_bei_er,内蒙古自治区,Inner_Mongoria,119.77237,49.218446,17.744,33.449,3.247,12.366,76.923,83.355,32.812
巴彦淖尔,Ba_yan_nao_er,内蒙古自治区,Inner_Mongoria,107.394398,40.749359,33.178,79.068,14.337,21.776,99.343,109.15,66.04
乌兰察布,Wu_lan_cha_bu,内蒙古自治区,Inner_Mongoria,113.139468,41.000748,25.207,44.099,20.595,25.652,101.742,112.626,46.145
兴安盟,Xing_an_meng,内蒙古自治区,Inner_Mongoria,122.044365,46.088464,24.538,43.227,6.725,14.518,78.932,86.218,42.443
锡林郭勒盟,Xi_lin_guo_lei_meng,内蒙古自治区,Inner_Mongoria,116.054391,43.939423,10.518,36.637,14.737,10.867,84.326,91.082,35.121
阿拉善盟,A_la_shan_meng,内蒙古自治区,Inner_Mongoria,105.735377,38.858276,28.057,57.81,8.912,10.473,113.19,119.881,53.534
阜新,Fu_xin,辽宁省,Liaoning,121.676408,42.028022,37.643,70.875,24.394,22.55,95.306,106.45,65.422
辽阳,Liao_yang,辽宁省,Liaoning,123.243366,41.274161,41.87,75.955,17.878,28.589,85.972,98.329,69.021
铁岭,Tie_ling,辽宁省,Liaoning,123.732365,42.229948,42.221,79.028,13.297,29.892,89.969,102.564,71.805
朝阳,Zhao_yang,辽宁省,Liaoning,120.457499,41.579821,37.484,69.278,20.159,22.272,97.688,109.246,64.617
四平,Si_ping,吉林省,Jilin,124.356482,43.171994,36.278,72.572,10.892,27.136,87.912,98.572,63.54
辽源,Liao_yuan,吉林省,Jilin,125.150425,42.894055,37.466,52.864,15.216,22.858,97.727,110.318,57.094
通化,Tong_hua,吉林省,Jilin,125.946606,41.733816,29.51,52.269,11.476,26.255,68.348,79.272,49.779
白山,Bai_shan,吉林省,Jilin,126.42963,41.939627,30.079,56.462,14.773,19.725,85.065,96.731,52.388
松原,Song_yuan,吉林省,Jilin,124.831482,45.147404,30.062,66.827,6.108,17.125,78.201,87.153,59.108
白城,Bai_cheng,吉林省,Jilin,122.845591,45.625504,26.739,53.411,9.159,15.244,84.159,92.371,49.436
延边州,Yan_bian,吉林省,Jilin,129.477376,42.915743,25.72,43.853,8.85,17.861,79.232,89.72,45.537
鸡西,Ji_xi,黑龙江省,Heilongjiang,130.975619,45.300872,31.408,55.827,7.771,20.47,59.014,66.657,51.767
鹤岗,He_gang,黑龙江省,Heilongjiang,130.304433,47.356056,23.867,46.567,8.935,11.697,72.028,79.822,43.383
双鸭山,Shuang_ya_shan,黑龙江省,Heilongjiang,131.165342,46.653186,29.099,51.966,7.881,15.198,70.173,78.113,49.484
伊春,Yi_chun,黑龙江省,Heilongjiang,128.847546,47.733318,22.031,35.912,7.872,14.08,66.628,74.656,37.222
佳木斯,Jia_mu_si,黑龙江省,Heilongjiang,130.327359,46.80569,28.941,45.297,8.108,18.408,70.3,78.567,46.527
七台河,Qi_tai_he,黑龙江省,Heilongjiang,131.011545,45.7763,33.455,57.835,11.653,32.903,72.582,82.639,53.08
黑河,Hei_he,黑龙江省,Heilongjiang,127.53549,50.251272,15.989,35.473,9.839,11.725,66.714,73.538,35.142
绥化,Sui_hua,黑龙江省,Heilongjiang,126.975357,46.660032,37.997,60.04,9.043,17.866,73.068,81.847,58.792
大兴安岭地区,Da_xing_an_ling_di_qu,黑龙江省,Heilongjiang,123.644559,52.510947,20.44,27.641,15.106,10.12,69.015,75.354,33.434
蚌埠,Beng_bu,安徽省,Anhui,117.395513,32.921524,51.938,87.782,14.402,33.453,99.932,113.924,78.66
淮南,Huai_nan,安徽省,Anhui,117.006389,32.631847,54.385,95.193,13.595,28.258,105.623,119.048,84.036
淮北,Huai_bei,安徽省,Anhui,116.804537,33.961656,55.626,90.13,11.275,29.459,110.949,124.615,85.37
铜陵,Tong_ling,安徽省,Anhui,117.818477,30.951233,48.127,77.272,14.751,36.938,91.476,106.408,70.867
安庆,An_qing,安徽省,Anhui,117.063604,30.530957,45.289,63.901,8.657,27.442,107.317,121.484,67.89
黄山,Huang_shan,安徽省,Anhui,118.345437,29.72189,24.195,40.374,8.805,17.688,91.382,103.159,41.727
滁州,Chu_zhou,安徽省,Anhui,118.339406,32.261271,48.484,74.479,9.827,35.79,104.975,121.683,72.049
阜阳,Fu_yang,安徽省,Anhui,115.820436,32.896061,51.969,88.008,5.98,31.207,109.436,122.867,82.218
宿州,Su_zhou,安徽省,Anhui,116.970544,33.652095,52.552,88.541,7.317,22.847,109.428,123.201,81.389
六安,Lu_an,安徽省,Anhui,116.52641,31.741451,42.017,74.652,6.439,31.057,91.484,104.377,68.304
亳州,Bo_zhou,安徽省,Anhui,115.784463,33.850643,54.122,88.292,8.164,26.065,111.589,124.303,83.065
池州,Chi_zhou,安徽省,Anhui,117.498421,30.670884,41.462,61.242,9.464,33.444,101.222,116.436,63.332
宣城,Xuan_cheng,安徽省,Anhui,118.765534,30.946602,41.793,58.401,7.657,29.289,91.765,103.365,62.955
莆田,Pu_tian,福建省,Fujian,119.014521,25.459865,25.11,43.963,6.142,17.89,98.113,112.479,44.745
三明,San_ming,福建省,Fujian,117.645521,26.269737,24.439,41.173,7.397,22.96,72.98,87.275,41.085
南平,Nan_ping,福建省,Fujian,118.0595,27.292158,21.025,32.649,7.354,16.074,82.139,93.7,34.783
龙岩,Long_yan,福建省,Fujian,117.023448,25.08122,22.629,39.453,10.212,21.949,77.221,89.354,39.705
宁德,Ning_de,福建省,Fujian,119.554511,26.672242,23.972,41.45,6.225,20.134,82.96,96.997,42.274
景德镇,Jing_de_zhen,江西省,Jiangxi,117.184576,29.274248,27.643,52.278,9.762,18.295,79.822,92.312,47.421
萍乡,Ping_xiang,江西省,Jiangxi,113.861496,27.628393,39.178,67.683,17.623,26.666,83.96,98.031,61.983
新余,Xin_yu,江西省,Jiangxi,114.923535,27.823579,35.51,64.156,18.793,26.0,86.635,99.397,56.472
鹰潭,Ying_tan,江西省,Jiangxi,117.075575,28.265787,37.524,49.504,17.099,22.255,94.266,108.501,55.599
赣州,Gan_zhou,江西省,Jiangxi,114.940503,25.835176,29.232,51.119,12.139,21.963,95.708,110.822,47.687
吉安,Ji_an,江西省,Jiangxi,115.000511,27.119727,34.453,65.193,16.295,22.272,94.037,106.649,56.86
宜春,Yi_chun,江西省,Jiangxi,114.423564,27.820856,35.779,59.147,13.64,24.096,90.754,104.932,55.087
抚州,Fu_zhou,江西省,Jiangxi,116.364539,27.954892,32.788,56.13,7.683,16.683,90.292,101.89,52.042
上饶,Shang_rao,江西省,Jiangxi,117.94946,28.460626,32.295,58.031,17.215,24.433,90.518,104.289,52.226
鹤壁,He_bi,河南省,Henan,114.303594,35.752357,61.283,102.037,12.669,38.144,108.64,124.635,94.765
新乡,Xin_xiang,河南省,Henan,113.9336,35.30964,56.399,103.802,16.586,43.921,102.476,118.479,89.458
濮阳,Pu_yang,河南省,Henan,115.035597,35.767593,64.575,104.297,11.958,33.827,108.275,123.023,98.66
许昌,Xu_chang,河南省,Henan,113.858476,34.041432,60.773,92.219,11.771,33.96,107.453,122.244,93.105
漯河,Ta_he,河南省,Henan,114.023421,33.587711,60.229,99.805,9.875,29.53,109.238,123.071,93.121
南阳,Nan_yang,河南省,Henan,112.534501,32.996562,60.269,96.507,7.289,29.011,106.595,120.099,90.294
商丘,Shang_qiu,河南省,Henan,115.662449,34.420202,56.975,95.728,10.227,30.499,107.428,120.286,89.807
驻马店,Zhu_ma_dian,河南省,Henan,114.028471,33.017842,52.289,89.334,7.071,26.765,108.847,122.014,81.123
黄石,Huang_shi,湖北省,Hubei,115.045533,30.205208,40.686,73.918,14.204,33.164,98.394,113.935,65.071
十堰,Shi_yan,湖北省,Hubei,110.80453,32.635062,40.113,69.184,8.932,26.354,85.113,98.853,63.193
襄阳,Xiang_yang,湖北省,Hubei,112.128537,32.014797,60.674,87.861,10.626,31.751,97.091,111.547,89.558
鄂州,E_zhou,湖北省,Hubei,114.901607,30.396572,42.581,76.788,12.246,34.49,96.669,112.663,67.869
荆门,Jing_men,湖北省,Hubei,112.206393,31.041733,56.861,77.078,9.108,27.122,101.395,115.028,84.681
孝感,Xiao_gan,湖北省,Hubei,113.92251,30.930689,43.935,75.388,7.286,21.677,101.895,115.657,67.879
黄冈,Huang_gang,湖北省,Hubei,114.87849,30.459359,41.082,74.997,9.875,25.448,101.904,116.448,66.842
咸宁,Xian_ning,湖北省,Hubei,114.328519,29.847056,35.955,59.431,7.255,20.773,100.096,114.042,60.354
随州,Sui_zhou,湖北省,Hubei,113.38945,31.696517,42.023,70.688,6.85,23.595,104.85,117.079,66.315
恩施州,En_shi,湖北省,Hubei,109.494593,30.27794,32.351,58.329,4.088,22.521,67.926,82.476,54.32
衡阳,Heng_yang,湖南省,Hunan,112.578447,26.899576,42.518,65.402,12.555,27.552,83.966,97.975,63.706
邵阳,Shao_yang,湖南省,Hunan,111.474433,27.24527,43.762,60.771,14.677,23.184,90.654,103.751,62.513
益阳,Yi_yang,湖南省,Hunan,112.361516,28.559711,54.524,72.89,6.745,23.357,94.204,106.28,77.401
郴州,Chen_zhou,湖南省,Hunan,113.02146,25.776683,30.776,52.578,10.788,24.575,79.765,92.49,50.264
永州,Yong_zhou,湖南省,Hunan,111.619455,26.425864,38.861,56.751,8.785,26.776,84.946,95.711,56.678
怀化,Huai_hua,湖南省,Hunan,110.008514,27.575161,35.963,66.402,8.399,19.125,83.921,96.943,59.838
娄底,Lou_di,湖南省,Hunan,112.001503,27.703209,40.317,66.266,10.221,21.805,92.785,105.626,60.206
湘西州,Xiang_xi,湖南省,Hunan,109.745577,28.317369,30.841,49.309,6.346,16.317,68.878,82.212,48.361
梧州,Wu_zhou,广西壮族自治区,Guangxi,111.285517,23.482745,29.892,50.941,11.946,24.946,73.394,87.425,47.535
防城港,Fang_cheng_gang,广西壮族自治区,Guangxi,108.360419,21.693005,27.346,47.595,7.334,18.297,74.816,85.467,45.379
钦州,Qin_zhou,广西壮族自治区,Guangxi,108.66058,21.986594,29.564,51.496,14.252,18.3,76.754,87.64,48.066
贵港,Gui_gang,广西壮族自治区,Guangxi,109.60552,23.117448,34.683,56.065,11.609,24.45,82.669,96.351,52.624
玉林,Yu_lin,广西壮族自治区,Guangxi,110.188453,22.659831,34.887,56.751,19.153,19.408,82.943,97.011,53.012
百色,Bai_se,广西壮族自治区,Guangxi,106.624589,23.908186,29.688,51.628,13.898,17.938,76.377,89.351,48.402
贺州,He_zhou,广西壮族自治区,Guangxi,111.573526,24.409451,30.802,49.229,10.283,19.623,75.334,87.054,47.448
河池,He_chi,广西壮族自治区,Guangxi,108.0915,24.698912,27.677,48.816,7.059,20.572,68.83,78.941,46.238
来宾,Lai_bin,广西壮族自治区,Guangxi,109.227458,23.756547,35.493,57.578,12.405,19.83,86.399,99.286,54.886
崇左,Chong_zuo,广西壮族自治区,Guangxi,107.37152,22.383117,29.538,53.255,6.459,17.414,78.677,90.901,48.364
广元,Guang_yuan,四川省,Sichuan,105.850423,32.441616,28.057,50.754,11.096,31.068,61.235,73.586,47.799
遂宁,Sui_ning,四川省,Sichuan,105.599422,30.539098,31.561,49.544,9.255,23.091,74.986,87.836,48.976
内江,Nei_jiang,四川省,Sichuan,105.064588,29.585887,35.632,51.796,7.38,25.323,80.385,92.924,54.122
乐山,Le_shan,四川省,Sichuan,103.772538,29.557941,42.167,58.034,7.431,28.697,78.637,93.561,60.615
眉山,Mei_shan,四川省,Sichuan,103.856563,30.082526,36.578,61.181,9.824,36.671,87.731,106.853,58.019
广安,Guang_an,四川省,Sichuan,106.639553,30.461746,33.915,55.992,6.062,25.788,73.816,85.45,54.31
达州,Da_zhou,四川省,Sichuan,107.474594,31.214308,45.844,73.635,9.728,42.87,73.994,91.646,67.363
雅安,Ya_an,四川省,Sichuan,103.049543,30.016793,30.867,42.244,7.657,22.062,76.201,91.119,45.928
巴中,Ba_zhong,四川省,Sichuan,106.751585,31.872889,34.634,55.17,4.665,24.205,64.389,78.048,52.576
资阳,Zi_yang,四川省,Sichuan,104.634435,30.134957,34.98,54.419,6.901,26.833,86.671,100.212,54.928
阿坝州,A_ba,四川省,Sichuan,102.231415,31.905512,16.236,22.844,8.469,8.358,79.42,92.631,28.38
甘孜州,Gan_zi,四川省,Sichuan,101.968547,30.055279,11.606,19.326,13.422,20.935,67.11,78.589,24.256
凉山州,Liang_shan,四川省,Sichuan,102.273503,27.887752,20.688,34.813,15.266,16.963,98.15,112.303,36.187
六盘水,Liu_pan_shui,贵州省,Guizhou,104.837555,26.598833,23.952,39.382,11.926,16.51,76.071,84.807,39.519
安顺,An_shun,贵州省,Guizhou,105.954417,26.259252,22.802,30.11,14.374,11.997,75.394,83.382,35.143
铜仁地区,Tong_ren,贵州省,Guizhou,109.187435,27.696773,31.595,52.867,4.04,21.501,76.504,92.547,52.473
毕节,Bi_jie,贵州省,Guizhou,105.311581,27.304095,26.272,38.561,9.156,17.102,79.654,90.779,41.193
黔西南州,Qian_xi_nan,贵州省,Guizhou,104.912492,25.093967,20.28,31.433,5.504,14.314,73.433,81.972,34.068
黔东南州,Qian_dong_nan,贵州省,Guizhou,107.989446,26.589703,26.062,36.884,18.671,22.612,69.048,78.972,39.228
黔南州,Qian_nan,贵州省,Guizhou,107.528403,26.260616,18.821,31.014,10.386,13.884,69.224,77.781,33.178
保山,Bao_shan,云南省,Yunnan,99.177273,25.139039,20.666,31.467,5.198,12.456,88.728,97.374,34.399
昭通,Zhao_tong,云南省,Yunnan,103.723512,27.344084,19.386,43.44,11.636,16.429,91.565,102.881,42.254
丽江,Li_jiang,云南省,Yunnan,100.232465,26.860657,11.501,26.142,7.725,10.603,85.156,91.212,29.318
普洱,Pu_er,云南省,Yunnan,100.97257,22.830979,24.006,39.465,5.958,18.802,86.215,94.527,39.338
临沧,Lin_cang,云南省,Yunnan,100.09544,23.890469,31.465,41.989,9.686,14.303,84.932,93.977,46.353
楚雄州,Chu_xiong,云南省,Yunnan,101.534412,25.051774,21.079,33.363,12.462,17.986,88.108,94.085,36.46
红河州,Hong_he,云南省,Yunnan,103.381549,23.369996,26.348,38.176,13.901,10.125,89.677,98.711,40.725
文山州,Wen_shan,云南省,Yunnan,104.222569,23.405994,26.116,40.02,7.385,13.433,77.088,85.824,40.804
西双版纳州,Xi_shuang_ban_na,云南省,Yunnan,100.803447,22.013601,32.187,55.499,5.875,20.683,82.802,101.391,50.266
大理州,Da_li,云南省,Yunnan,100.274583,25.612128,16.989,28.561,5.402,12.601,86.337,94.598,31.674
德宏州,De_hong,云南省,Yunnan,98.591359,24.438011,19.144,49.003,12.79,18.086,79.816,96.402,43.159
怒江州,Nu_jiang,云南省,Yunnan,98.863288,25.823707,25.125,60.292,9.654,18.207,67.909,81.822,52.092
迪庆州,Di_qing,云南省,Yunnan,99.70953,27.825185,11.963,18.595,8.184,8.402,86.402,93.977,26.354
昌都,Chang_dou,西藏自治区,Tibet,97.186654,31.144249,11.5,27.705,6.545,16.295,79.574,88.543,30.132
山南,Shan_nan,西藏自治区,Tibet,91.778675,29.243027,9.802,26.66,3.858,10.898,96.394,103.864,32.378
日喀则,Ri_ka_ze,西藏自治区,Tibet,88.902952,29.255583,10.776,28.533,4.85,10.81,99.671,106.53,35.178
那曲地区,Na_qu_di_qu,西藏自治区,Tibet,92.057338,31.482438,18.966,38.057,4.306,8.839,76.161,82.649,39.592
阿里地区,A_li_di_qu,西藏自治区,Tibet,80.112777,32.506866,6.578,13.678,10.1,15.434,93.839,99.584,28.225
林芝,Lin_zhi,西藏自治区,Tibet,94.368058,29.654042,7.64,13.074,6.55,6.884,82.351,89.051,22.892
汉中,Han_zhong,陕西省,Shaanxi,107.02943,33.0738,47.091,73.658,12.626,26.581,71.524,84.408,70.936
榆林,Yu_lin,陕西省,Shaanxi,109.741616,38.290884,36.176,73.487,15.156,42.099,100.986,114.666,66.391
安康,An_kang,陕西省,Shaanxi,109.035601,32.690513,39.652,66.569,11.85,25.045,70.989,85.391,62.567
商洛,Shang_luo,陕西省,Shaanxi,109.924418,33.878634,33.295,59.32,13.779,23.89,92.751,107.479,56.089
白银,Bai_yin,甘肃省,Gansu,104.144451,36.550825,31.671,76.762,40.006,27.252,88.195,98.275,61.781
天水,Tian_shui,甘肃省,Gansu,105.731417,34.587412,31.921,62.068,12.399,31.178,83.909,97.691,55.883
武威,Wu_wei,甘肃省,Gansu,102.644554,37.934378,33.79,81.156,7.375,26.128,101.369,111.267,64.2
张掖,Zhang_ye,甘肃省,Gansu,100.456411,38.932066,32.368,71.19,12.45,20.312,105.34,115.799,59.698
平凉,Ping_liang,甘肃省,Gansu,106.671442,35.549232,25.433,63.793,9.065,35.105,93.119,105.079,55.877
酒泉,Jiu_quan,甘肃省,Gansu,98.500685,39.738469,28.139,84.637,10.224,22.745,103.416,111.567,66.169
庆阳,Qing_yang,甘肃省,Gansu,107.649386,35.715216,32.119,67.728,11.414,18.609,96.881,104.606,60.945
定西,Ding_xi,甘肃省,Gansu,104.63242,35.586833,27.748,65.751,11.595,25.091,93.127,103.13,56.537
陇南,Long_nan,甘肃省,Gansu,104.928575,33.40662,18.924,37.942,16.131,23.72,84.52,94.742,39.685
临夏州,Lin_xia,甘肃省,Gansu,103.216391,35.607562,31.144,66.521,13.637,21.844,94.688,106.663,56.476
甘南州,Gan_nan,甘肃省,Gansu,102.917585,34.98914,22.641,46.608,10.894,21.335,94.586,103.682,45.142
海东地区,Hai_dong,青海省,Qinghai,102.110444,36.508511,38.051,68.744,13.847,39.673,100.318,114.946,61.777
海北州,Hai_bei,青海省,Qinghai,100.907434,36.960663,19.545,36.674,14.628,13.228,117.089,124.156,41.019
黄南州,Huang_nan,青海省,Qinghai,102.022428,35.525805,22.61,49.069,9.656,12.553,91.57,99.436,45.453
海南州,Hai_nan,青海省,Qinghai,100.626621,36.292102,20.417,41.063,10.034,16.386,115.417,123.049,43.428
果洛州,Guo_luo,青海省,Qinghai,100.251592,34.477194,19.05,31.793,19.122,12.988,103.464,114.356,36.652
玉树州,Yu_shu,青海省,Qinghai,97.013181,33.01098,9.639,26.132,9.461,13.444,88.209,94.289,31.303
海西州,Hai_xi,青海省,Qinghai,97.376299,37.38275,15.827,53.955,9.418,13.861,114.787,120.622,49.429
吴忠,Wu_zhong,宁夏回族自治区,Ningxia,106.205371,38.003713,32.433,83.691,15.924,28.184,99.133,111.671,67.969
中卫,Zhong_wei,宁夏回族自治区,Ningxia,105.203571,37.505701,34.3,83.822,14.142,26.388,100.385,110.921,68.512
固原,Gu_yuan,宁夏回族自治区,Ningxia,106.248577,36.021617,26.501,72.482,10.283,28.83,95.946,104.113,60.506
吐鲁番地区,Tu_lu_fan,新疆维吾尔自治区,Xinjiang,89.192459,42.948549,57.701,168.376,9.869,34.023,89.597,98.846,114.194
哈密地区,Ha_mi,新疆维吾尔自治区,Xinjiang,93.521308,42.832856,30.093,99.683,8.64,26.83,87.416,96.915,73.799
昌吉州,Chang_ji,新疆维吾尔自治区,Xinjiang,87.315002,44.016854,57.873,99.465,10.785,37.527,77.649,89.609,88.212
博州,Bo_er_ta_la_meng_gu_zi_zhi_zhou,新疆维吾尔自治区,Xinjiang,82.072915,44.912196,24.249,62.28,11.597,22.743,86.623,95.497,53.662
阿克苏地区,A_ke_su_di_qu,新疆维吾尔自治区,Xinjiang,80.266943,41.17503,55.125,179.864,7.694,31.609,93.518,106.666,117.434
克州,Ke_zi_lei_su_ke_er_ke_zi_zi_zhi_zhou,新疆维吾尔自治区,Xinjiang,76.174309,39.720471,52.574,176.352,5.699,17.957,94.474,102.707,111.534
喀什地区,Ka_shi_di_qu,新疆维吾尔自治区,Xinjiang,75.996391,39.476097,89.824,229.306,9.215,36.467,99.048,109.507,150.946
和田地区,He_tian_di_qu,新疆维吾尔自治区,Xinjiang,79.928507,37.120446,110.56,329.778,15.37,29.256,83.92,93.134,184.632
伊犁哈萨克州,Yi_li_ha_sa_ke,新疆维吾尔自治区,Xinjiang,81.330538,43.922723,42.541,70.374,17.105,33.278,82.459,94.113,68.01
塔城地区,Ta_cheng_di_qu,新疆维吾尔自治区,Xinjiang,82.987236,46.750948,10.011,41.534,3.822,9.96,80.911,90.19,37.62
阿勒泰地区,A_lei_tai_di_qu,新疆维吾尔自治区,Xinjiang,88.147926,47.850728,8.586,15.79,7.298,15.024,83.781,92.309,27.149
石河子,Shi_he_zi,新疆维吾尔自治区,Xinjiang,86.086886,44.311976,63.195,102.258,12.309,37.329,86.289,98.904,96.764
五家渠,Wu_jia_qu,新疆维吾尔自治区,Xinjiang,87.549937,44.172445,66.014,110.102,9.654,31.051,81.898,91.997,98.974
